country_name,country_code,obesity_value,obesity_high,obesity_low,activity_value,activity_high,activity_low,gdp_per_capita_2022,asr_world,new_cases,crude_rate,cancer_index,log_gdp,middle_east_flag,continent,region,z_cancer_index,z_obesity,z_physical_activity,z_log_gdp
Afghanistan,AFG,19.22,22.2,16.33,66.64,76.96000000000001,55.78,357.261152798144,5.6,1163,2.9,5.6,5.878467034791953,False,Asia,Asia,-0.9705653694396008,-0.24047738009794886,-0.4773450217141024,-2.043674040630801
Albania,ALB,23.36,26.48,20.43,75.72,90.95,54.11,7756.96188744253,10.2,522,18.2,10.2,8.95634602716728,False,Europe,Europe,-0.5487187108926063,0.14074998034330227,0.21827129636425197,0.10776106243632144
Algeria,DZA,23.81,27.25,20.51,70.96000000000001,80.97,60.12,4960.30334332888,17.1,7747,17.1,17.1,8.509222175778113,False,Africa,Africa,0.08405127692788592,0.18218773691300338,-0.1463910025402592,-0.20477817373255655
Angola,AGO,11.47,16.03,7.63,82.67,94.51,63.58,3682.1131513698,4.6,805,2.3,4.6,8.21124209227407,False,Africa,Africa,-1.062271164775904,-0.9541276321316916,0.7507088966555037,-0.41306602821078603
Azerbaijan,AZE,26.55,29.97,23.21,76.08,84.68,65.52000000000001,7770.594223351,14.2,1741,16.9,14.2,8.958101917059256,False,Asia,Asia,-0.1818955295473935,0.4344976324707398,0.24585079796207213,0.10898842815150284
Argentina,ARG,35.36,38.15,32.56,61.49,71.53999999999999,51.06,13962.1894087223,24.2,15863,34.5,24.2,9.544108198454824,False,America,Americas,0.7351624238156383,1.245756822202001,-0.8718851140162527,0.5186063785437882
Australia,AUS,30.24,33.22,27.44,74.53,80.56,67.78,65169.5191118657,34.6,17088,65.6,34.6,11.084747140319083,False,Oceania,Oceania,1.6889026953131916,0.7742872363422895,0.12710572163812417,1.5955118413283897
Austria,AUT,15.37,18.31,12.67,80.24,84.51,75.64,52336.7725223758,21.8,4539,50.1,21.8,10.86545451049114,False,Europe,Europe,0.5150685150085108,-0.5950004085276147,0.5645472608702167,1.4422264578469437
Bahamas,BHS,47.26,51.31,43.42,62.83,73.07,52.41,34957.1613279737,19.3,96,24.0,19.3,10.461878628760337,False,America,Americas,0.28580402666775284,2.341555273711877,-0.7692280802910333,1.1601272197489445
Bahrain,BHR,36.13,43.3,29.29,61.39,80.61,39.35,30470.5219276023,13.5,157,8.8,13.5,10.324515001061876,True,Asia,Middle East,-0.24608958628280567,1.3166614278879345,-0.879546086682314,1.064110147197616
Bangladesh,BGD,5.3,6.21,4.49,79.7,85.67,72.78999999999999,2716.48592780431,3.6,5723,3.4,3.6,7.9070943857110185,False,Asia,Asia,-1.1539769601122072,-1.5222853166540393,0.5231780084734869,-0.6256650465731404
Armenia,ARM,24.51,27.92,21.27,73.42,83.71000000000001,61.54,6571.97445545099,22.0,1127,37.9,22.0,8.790569592273615,False,Asia,Asia,0.5334096740757713,0.2466464693547611,0.0420689250448452,-0.008116540996133695
Barbados,BRB,38.02,44.26,32.18,55.97,74.94,36.59,24387.0387293761,24.7,148,51.4,24.7,10.10180707052906,False,America,Americas,0.7810153214837899,1.4907000054806796,-1.2947708051828297,0.9084374710895929
Belgium,BEL,20.03,23.16,17.12,74.59,80.81,67.71000000000001,50605.7496677086,29.2,7949,68.1,29.2,10.831820478616793,False,Europe,Europe,1.1936914004971542,-0.1658894182724865,0.13170230523776105,1.4187162948381289
Bhutan,BTN,12.18,14.24,10.24,90.09,94.09,85.01,3711.32767981591,4.2,30,3.8,4.2,8.2191449567625,False,Asia,Asia,-1.0989534829104253,-0.8887480606550521,1.3191530684772428,-0.40754193187129
Bolivia (Plurinational State of),BOL,28.68,32.11,25.43,77.43,85.32,68.14,4219.46113742445,6.0,701,5.9,6.0,8.34746270632322,False,America,Americas,-0.9338830513050795,0.6306363469006587,0.34927392895389864,-0.3178479213415074
Bosnia Herzegovina,BIH,21.19,26.43,16.37,78.93,92.33,59.86,7655.59421024383,26.3,1855,57.1,26.3,8.943191928886375,False,Europe,Europe,0.9277445940218751,-0.05907209022614559,0.4641885189448162,0.09856635762146641
Botswana,BWA,18.29,22.17,14.74,77.72,87.61,65.85,8328.7090572666,4.5,89,3.7,4.5,9.027463748032948,False,Africa,Africa,-1.0714417443095343,-0.326115410341998,0.3714907496854754,0.15747229588622655
Brazil,BRA,28.14,30.64,25.66,59.6,68.57,50.24,9281.33282136864,19.8,60118,27.9,19.8,9.135760438459762,False,America,Americas,0.33165692433590443,0.5809110390170173,-1.016677497404809,0.23317160112448398
Belize,BLZ,42.32,46.71,37.91,58.48,79.16,36.25,7068.21728043145,6.0,21,5.1,6.0,8.863363574397674,False,America,Americas,-0.9338830513050795,1.8866607904800463,-1.1024803912646943,0.042766397813906454
Solomon Islands,SLB,22.6,26.86,18.58,82.53999999999999,90.77,72.05,1877.78104490956,4.6,19,2.6,4.6,7.537846063466097,False,Oceania,Oceania,-1.062271164775904,0.07076621369225153,0.7407496321896234,-0.8837693463829526
Brunei Darussalam,BRN,31.71,36.09,27.41,67.47,79.21000000000001,54.31,36632.9280952155,31.8,153,34.4,31.8,10.508702789657383,False,Asia,Asia,1.4321264683715427,0.9096505744699802,-0.4137589485857948,1.1928572730340552
Bulgaria,BGR,20.59,23.09,18.2,67.72,75.43,59.52,13999.1949530956,30.2,5086,74.3,30.2,9.5467551035937,False,Europe,Europe,1.2853971958334574,-0.11432243231908065,-0.39460651692064186,0.5204565632470771
Myanmar,MMR,7.43,9.41,5.69,78.0,87.21000000000001,66.5,1158.05005055976,9.9,5552,10.1,9.9,7.054492878753113,False,Asia,Asia,-0.5762304494934971,-1.3261466022241202,0.3929414731504468,-1.2216328593238124
Burundi,BDI,5.02,8.37,2.9,85.73,95.9,69.34,302.992505263552,6.4,359,2.8,6.4,5.7137080700996625,False,Africa,Africa,-0.8972007331705583,-1.5480688096307422,0.9851346602369757,-2.158840433156984
Belarus,BLR,21.37,23.59,19.21,85.98,90.68,80.16,7994.64806074889,32.7,6160,65.3,32.7,8.986527604380312,False,Europe,Europe,1.5146616841742158,-0.04249698759826513,1.0042870919021287,0.1288579622309217
Cambodia,KHM,4.36,5.2,3.65,86.73,91.09,81.25,2325.03050040841,12.6,1726,10.1,12.6,7.75148843639064,False,Asia,Asia,-0.32862480208547856,-1.6088441859329707,1.0617443868975875,-0.7344334882315907
Cameroon,CMR,14.88,17.48,12.52,81.19,93.76,62.51,1604.87726954895,6.3,916,3.3,6.3,7.380802565069575,False,Africa,Africa,-0.9063713127041885,-0.6401215212368447,0.637326501197798,-0.9935426337655068
Canada,CAN,26.23,28.93,23.54,62.82,69.95,55.23,56256.8007264015,28.6,23725,61.8,28.6,10.937682214561326,False,America,Americas,1.1386679232953725,0.4050307833545078,-0.7699941775576392,1.492713568722806
Cape Verde,CPV,15.77,18.13,13.61,68.77,77.8,58.91,4323.31362032709,5.5,28,4.9,5.5,8.371777428954365,False,Africa,Africa,-0.9797359489732311,-0.5581668471323247,-0.3141663039269998,-0.30085194849151103
Central African Republic,CAF,9.3,12.16,6.86,83.47,94.77,65.53,467.359825026238,5.7,153,3.1,5.7,6.147099464251818,False,Africa,Africa,-0.9613947899059706,-1.1539497027011396,0.8119966779839929,-1.8559001742787218
Sri Lanka,LKA,10.56,12.28,8.99,62.82,71.52,54.2,3342.63650253855,7.8,2540,11.8,7.8,8.114515146598043,False,Asia,Asia,-0.7688126196997337,-1.0379239843059762,-0.7699941775576392,-0.48067809056131716
Chad,TCD,6.69,9.64,4.46,82.15,93.37,65.16,966.036468278568,2.3,228,1.3,2.3,6.873201585341103,False,Africa,Africa,-1.2731944940494013,-1.3942886908054066,0.7108718387919859,-1.348355337203306
Chile,CHL,38.91,43.01,34.82,61.79,71.49,51.42,15405.6165774073,20.3,6778,35.2,20.3,9.642487434728823,False,America,Americas,0.37750982200405603,1.572654679585199,-0.8489021960180694,0.5873733907808326
China,CHN,8.28,9.4,7.26,76.17,82.33,69.21000000000001,12970.6056414327,20.1,517106,36.6,20.1,9.47044097178179,False,Asia,Asia,0.35916866293679545,-1.2478752842591292,0.2527456733615274,0.46711304245013774
Colombia,COL,23.62,26.22,21.09,65.57,85.18,42.91,6680.44506854481,16.4,11163,21.7,16.4,8.806939891338876,False,America,Americas,0.01985722019247343,0.16469179525024089,-0.5593174292409575,0.0033262857504533713
Comoros,COM,16.28,20.05,12.85,82.8,92.36,69.05,1465.479642862,3.7,17,1.9,3.7,7.289937869138057,False,Africa,Africa,-1.1448063805785769,-0.5112040563533299,0.7606681611213829,-1.057056987949302
"Congo, Republic of",COG,8.54,11.22,6.22,84.03,95.14,66.62,2620.83804267402,4.8,168,2.9,4.8,7.871249409225721,False,Africa,Africa,-1.0439300057086434,-1.2239334693521906,0.8548981249139356,-0.6507206582037881
"Congo, Democratic Republic of",COD,6.64,8.63,4.87,85.13,95.66,69.03999999999999,687.738587554685,6.0,2961,3.1,6.0,6.533408805780686,False,Africa,Africa,-0.9338830513050795,-1.3988928859798178,0.9391688242406081,-1.585870234808443
Costa Rica,CRI,31.39,35.77,27.25,50.34,65.07,35.870000000000005,13625.9008491328,14.3,1121,21.6,14.3,9.519727734713333,False,America,Americas,-0.17272495001376306,0.8801837253537482,-1.7260835662820735,0.5015644527070556
Croatia,HRV,30.62,33.79,27.41,71.55,78.68,63.52,18465.5414420364,41.1,4190,103.2,41.1,9.823661649469079,False,Europe,Europe,2.284990364999162,0.8092791196678152,-0.10119126381049909,0.7140140307567385
Cyprus,CYP,22.94,29.7,16.91,59.17,67.86,50.21,33231.04296875,24.1,568,46.4,24.1,10.411239747216316,True,Asia,Middle East,0.7259918442820082,0.10207474087824797,-1.049619679868872,1.1247306795978367
Czechia,CZE,25.98,28.63,23.46,76.63,82.98,69.66,28282.2236715857,30.5,7568,70.5,30.5,10.249988747456268,False,Europe,Europe,1.3129089344343485,0.38200980748245156,0.28798614762540836,1.0120163519235372
Benin,BEN,11.17,13.42,9.17,81.98,90.17,71.3,1266.42711031904,6.9,498,3.9,6.9,7.143954915727939,False,Africa,Africa,-0.8513478355024067,-0.9817528031781592,0.6978481852596817,-1.1590989626968398
Denmark,DNK,13.28,15.47,11.31,87.86,91.81,83.06,67781.0940939514,48.1,6878,117.9,48.1,11.124038586871299,False,Europe,Europe,2.9269309323532844,-0.7874557668180047,1.1483133780240784,1.6229765329462644
Dominican Republic,DOM,29.34,33.07,25.74,62.98,82.81,40.15,10104.2449349081,14.7,1782,16.1,14.7,9.220710905116963,False,America,Americas,-0.13604263187924193,0.6914117232028871,-0.7577366212919416,0.29255191348926207
Ecuador,ECU,27.38,30.04,24.63,77.22,85.89,67.22999999999999,6515.58528418336,12.4,2531,14.0,12.4,8.781952321929632,False,America,Americas,-0.34696596115273914,0.5109272723659662,0.33318588635516955,-0.014140006491882866
El Salvador,SLV,30.88,35.4,26.59,60.77,74.18,46.76,5074.60210221806,8.7,692,10.6,8.7,8.532003397332442,False,America,Americas,-0.686277403897061,0.8332209345747534,-0.9270441172118931,-0.18885411698303906
Equatorial Guinea,GNQ,17.67,23.29,12.89,80.49,93.26,61.39,7589.29964909381,5.6,49,3.3,5.6,8.93449459328561,False,Africa,Africa,-0.9705653694396008,-0.3832074305046972,0.5836996925353696,0.09248692657138478
Ethiopia,ETH,2.82,3.68,2.08,90.57,95.37,83.82,982.103161506992,9.0,6551,5.4,9.0,6.889696355287955,False,Africa,Africa,-0.65876566529617,-1.750653397304837,1.3559257372743356,-1.3368255054040095
Estonia,EST,22.16,26.19,18.41,84.06,88.3,79.31,28340.3826549406,31.8,1074,81.3,31.8,10.252043015444999,False,Europe,Europe,1.4321264683715427,0.030249296157432454,0.857196416713754,1.01345228370416
Fiji,FJI,33.84,39.84,28.04,84.47,93.68,71.37,5414.12092119088,11.5,96,10.6,11.5,8.596765804832636,False,Oceania,Oceania,-0.429501176955412,1.1057892888998995,0.8886064046446046,-0.1435852428004561
Finland,FIN,21.51,24.38,18.8,90.42,93.77,86.24,50440.560224974,26.8,4020,72.4,26.8,10.828550896777168,False,Europe,Europe,0.9735974916900267,-0.029605241109913596,1.3444342782752445,1.4164308595888728
France (metropolitan),FRA,9.7,10.98,8.51,76.82,83.28,69.66,40988.6396406579,32.1,51636,78.7,32.1,10.62105022535698,False,Europe,Europe,1.4596382069724336,-1.11711614130585,0.30254199569092444,1.2713880461744098
Djibouti,DJI,11.35,18.07,6.18,83.02,94.83,65.12,3133.25779772463,6.4,58,5.7,6.4,8.049828572190243,False,Africa,Africa,-0.8972007331705583,-0.9651777005502787,0.7775223009867174,-0.5258939574692949
Gabon,GAB,21.02,25.09,17.37,79.18,92.85,59.76,8409.2074145028,6.8,109,4.7,6.8,9.0370825053038,False,Africa,Africa,-0.8605184150360369,-0.07472635381914398,0.4833409506099691,0.16419579999137734
Georgia,GEO,34.66,38.91,30.38,75.98,84.72,65.38,6729.84659930283,14.5,1125,28.4,14.5,8.814307628813294,False,Asia,Asia,-0.15438379094650248,1.1812980897602432,0.2381898252960114,0.008476328709228919
The Republic of the Gambia,GMB,14.93,17.97,12.27,78.85,90.05,64.41,836.244875868476,2.6,37,1.5,2.6,6.728921483912127,False,Africa,Africa,-1.2456827554485104,-0.6355173260624336,0.4580597408119663,-1.4492070196954845
Gaza Strip and West Bank,PSE,37.56,40.25,34.87,70.3,78.1,61.18,3799.95527015163,18.3,553,10.4,18.3,8.24274457463247,True,Asia,Middle East,0.19409823133144968,1.448341409876096,-0.19695342213626374,-0.3910458167120522
Germany,DEU,20.4,23.6,17.31,88.02,90.8,84.85,50506.5179638543,25.7,62544,74.6,25.7,10.829857675525991,False,Europe,Europe,0.8727211168200931,-0.1318183739818435,1.160570934289776,1.4173442969524355
Ghana,GHA,12.93,14.88,11.12,78.84,88.12,67.17,2229.89122647803,4.7,986,3.0,4.7,7.709708085900398,False,Africa,Africa,-1.0531005852422737,-0.8196851330388834,0.4572936435453609,-0.7636379218320763
Greece,GRC,27.98,31.35,24.73,64.8,72.81,56.32,20886.5243087629,26.8,7859,76.2,26.8,9.946859460083736,False,Europe,Europe,0.9735974916900267,0.5661776144589014,-0.6183069187696283,0.8001292078101541
Guatemala,GTM,26.81,30.34,23.54,63.17,76.14,49.32,5358.70156997677,6.2,894,4.8,6.2,8.586476980311613,False,America,Americas,-0.915541892237819,0.45843944737767806,-0.7431807732264251,-0.15077712341001304
Guinea,GIN,9.53,12.19,7.3,83.3,94.96,65.61,1416.59612011764,2.8,201,1.5,2.8,7.256012174446394,False,Africa,Africa,-1.2273415963812497,-1.132770404898848,0.7989730244516887,-1.080771023048275
Guyana,GUY,28.46,32.76,24.47,64.92,76.76,52.54,17913.4928066879,8.8,79,10.0,8.8,9.793309495956418,False,America,Americas,-0.6771068243634306,0.6103778881332493,-0.6091137515703545,0.6927978982568622
Haiti,HTI,10.69,13.33,8.37,71.7,89.22,50.51,1760.62635668777,11.3,1103,9.4,11.3,7.4734249092020235,False,America,Americas,-0.4478423360226726,-1.0259530768525071,-0.0896998048114069,-0.9287996848098928
Honduras,HND,29.49,36.48,23.35,63.22,83.87,40.85,3003.28996826399,7.1,570,5.6,7.1,8.007463622850228,False,America,Americas,-0.833006676435146,0.7052243087261207,-0.7393502868933947,-0.5555070252265263
Hungary,HUN,31.7,34.68,28.74,70.59,77.8,62.73,18428.028825614,44.2,9607,100.0,44.2,9.821628090283692,False,Europe,Europe,2.569278330541702,0.9087297354350978,-0.17473660140468586,0.7125925744140935
Iceland,ISL,21.23,26.23,16.66,74.08,90.16,53.34,76350.4550416502,31.0,215,62.3,31.0,11.243089270572046,False,Europe,Europe,1.3587618321025001,-0.055388734086616674,0.09263134464084867,1.706192871402853
India,IND,7.27,8.09,6.51,50.58,61.6,39.05,2347.44829434623,4.9,70038,5.0,4.9,7.761084185002244,False,Asia,Asia,-1.034759426175013,-1.3408800267822363,-1.707697231883527,-0.7277260671619664
Indonesia,IDN,11.23,13.1,9.51,81.0,87.96000000000001,72.88,4730.83484836107,12.1,35676,12.8,12.1,8.461856966622147,False,Asia,Asia,-0.37447769975363016,-0.9762277689688657,0.622770653132282,-0.23788641934412932
"Iran, Islamic Republic of",IRN,24.27,25.93,22.7,53.72,62.21,45.59,4721.20437099984,13.9,12899,15.0,13.9,8.459819209378395,True,Asia,Middle East,-0.20940726814828436,0.22454633251758693,-1.4671426901692062,-0.23931081012641717
Iraq,IRQ,40.49,45.24,36.04,47.98,61.51,34.52,6520.73154560584,8.9,2320,5.5,8.9,8.782741848873016,True,Asia,Middle East,-0.6679362448298003,1.7181472470965948,-1.9068825212011176,-0.013588127751678352
Ireland,IRL,28.35,32.36,24.46,78.08,83.36,72.42,105190.685952731,32.3,3121,62.2,32.3,11.563530038795156,False,Europe,Europe,1.4779793660396938,0.6002486587495447,0.3990702512832956,1.9301807276235905
Israel,ISR,22.49,25.72,19.46,73.44,89.56,52.37,54949.621556429,24.8,3240,36.3,24.8,10.914172072754894,True,Asia,Middle East,0.7901859010174204,0.06063698430854651,0.043601119578057124,1.4762799972647522
Italy,ITA,17.29,19.65,15.08,59.91,68.25,51.2,35653.9042103495,30.6,54784,90.9,30.6,10.481613934862926,False,Europe,Europe,1.3220795139679788,-0.41819931383022285,-0.9929284821400196,1.1739221838862832
Côte d'Ivoire,CIV,11.64,14.55,9.24,80.32,93.07,62.38,2333.37128301259,7.2,1057,3.8,7.2,7.755069403385334,False,Africa,Africa,-0.8238360969015158,-0.9384733685386933,0.5706760390030655,-0.7319303949929047
Jamaica,JAM,33.81,37.75,29.98,61.39,79.58,42.65,6626.47502388538,20.2,793,26.6,20.2,8.798828271187451,False,America,Americas,0.3683392424704256,1.1030267717952527,-0.879546086682314,-0.002343730640624416
Japan,JPN,5.54,6.53,4.64,55.25,66.27000000000001,44.16,34065.6438962526,36.6,145756,116.1,36.6,10.436044645018049,False,Asia,Asia,1.872314285985798,-1.5001851798168653,-1.34992980837847,1.142069284523775
Kazakhstan,KAZ,18.38,21.24,15.84,71.77,87.48,51.27,11255.3396437881,15.5,3514,18.3,15.5,9.32859793003239,False,Asia,Asia,-0.06267799561019931,-0.31782785902805777,-0.0843371239451646,0.3679648628428669
Jordan,JOR,38.51,41.44,35.68,71.77,80.75,61.83,4332.25159897931,16.5,1274,12.4,16.5,8.373842685607784,True,Asia,Middle East,0.02902779972610388,1.5358211181899093,-0.0843371239451646,-0.29940833564252817
Kenya,KEN,12.41,14.07,10.86,91.08,95.64,84.72,2109.56288513137,11.1,3091,5.5,11.1,7.654236041563953,False,Africa,Africa,-0.46618349508993334,-0.8675687628527603,1.394996697871248,-0.8024128391436305
"Korea, Republic of",KOR,7.33,8.15,6.54,41.94,47.62,36.32,34822.4048404971,26.5,29560,57.6,26.5,10.458016275856812,False,Asia,Asia,0.9460857530891357,-1.3353549925729427,-2.3696052702312125,1.1574274379714082
Kuwait,KWT,41.42,46.03,36.78,36.68,54.71,20.260000000000005,39981.7691035833,11.2,436,10.0,11.2,10.596178856789841,True,Asia,Middle East,-0.4570129155563031,1.803785277340644,-2.77257243246603,1.2540029782333966
Kyrgyzstan,KGZ,26.6,30.87,22.44,80.13,89.73,68.26,1739.72018344174,7.9,437,6.5,7.9,7.461479565162656,False,Asia,Asia,-0.7596420401661035,0.4391018276451511,0.5561201909375494,-0.9371494713181256
Lao People's Democratic Republic,LAO,8.01,10.75,5.72,84.16,92.3,73.48,2046.40440255621,14.1,781,10.4,14.1,7.623839582188668,False,Asia,Asia,-0.19106610908102378,-1.2727379382009498,0.8648573893798148,-0.8236599414081913
Lebanon,LBN,29.78,33.9,25.97,41.38,54.03,29.22,3654.35845534878,12.9,1005,15.0,12.9,8.203675831565153,True,Asia,Middle East,-0.30111306348458755,0.7319286407377062,-2.4125067171611545,-0.41835483876131313
Lesotho,LSO,21.0,24.64,17.6,92.02,96.85,84.19,1030.12582947757,5.8,97,4.5,5.8,6.9374362383035315,False,Africa,Africa,-0.9522242103723401,-0.07656803188890844,1.467009840932223,-1.3034553630460854
Latvia,LVA,24.27,29.69,19.27,85.51,90.27,79.93,20221.103686109,23.5,1127,61.0,23.5,9.914482074967557,False,Europe,Europe,0.6709683670802261,0.22454633251758693,0.9682805203716413,0.7774974399411018
Liberia,LBR,17.01,18.96,15.19,85.42,90.39,79.27,744.617175237387,4.5,142,2.7,4.5,6.612870227567148,False,Africa,Africa,-1.0714417443095343,-0.44398280680692565,0.9613856449721859,-1.5303267606840483
Libya,LBY,36.71,42.69,30.8,54.44,63.46,45.53,5986.63694851258,15.9,974,13.8,15.9,8.697285089118841,False,Africa,Africa,-0.025995677475678,1.3700700919111046,-1.4119836869735658,-0.07332233861083148
Lithuania,LTU,25.36,31.43,19.67,79.77,85.33,73.83,25085.784063499,21.8,1506,56.6,21.8,10.130056592698534,False,Europe,Europe,0.5150685150085108,0.32491778731975207,0.5285406893397292,0.9281838658604193
Luxembourg,LUX,18.43,22.23,14.97,86.08,90.33,80.96000000000001,123719.658915996,23.6,316,49.2,23.6,11.72577346989249,False,Europe,Europe,0.6801389466138567,-0.3132236638536464,1.0119480645681895,2.043588764056977
Madagascar,MDG,4.26,6.28,2.87,86.41,95.81,70.23,503.51453347296,5.7,942,3.2,5.7,6.221612576633713,False,Africa,Africa,-0.9613947899059706,-1.6180525762817934,1.037229274366191,-1.803815564710145
Malawi,MWI,7.74,9.41,6.22,97.3,98.88,94.75,604.269740360317,4.9,512,2.5,4.9,6.404020688243706,False,Africa,Africa,-1.034759426175013,-1.2976005921427705,1.871509197700253,-1.6763124317493971
Malaysia,MYS,22.1,24.66,19.6,60.1,69.32,50.48,11754.5678336248,19.7,7150,21.6,19.7,9.371997195825758,False,Asia,Asia,0.322486344802274,0.02472426194813908,-0.978372634074503,0.3983009170238454
Maldives,MDV,17.3,19.54,15.18,75.38,83.05,66.37,11786.0191492983,11.8,50,9.2,11.8,9.374669290146098,False,Asia,Asia,-0.401989438354521,-0.41727847479534047,0.1922239892996437,0.40016870894605155
Mali,MLI,11.37,14.53,8.87,70.18,86.58,49.23,976.914116406452,8.9,908,4.2,8.9,6.884398742760709,False,Africa,Africa,-0.6679362448298003,-0.9633360224805142,-0.20614658933553642,-1.3405285325801266
Malta,MLT,32.29,37.5,27.3,59.29,69.48,48.73,35638.8869457406,27.0,301,67.8,27.0,10.481192650618405,False,Europe,Europe,0.9919386507572873,0.9630592384931506,-1.0404265126695986,1.1736277065159004
Mauritania,MRT,22.69,26.78,19.22,61.48,81.95,38.96,1960.35240077424,6.2,183,3.7,6.2,7.580879532376531,False,Africa,Africa,-0.915541892237819,0.07905376500619175,-0.8726512112828593,-0.8536889839482996
Mauritius,MUS,19.23,22.74,15.78,70.12,78.43,60.96,10246.5017455553,16.9,370,29.0,16.9,9.234691633196247,False,Africa,Africa,0.06571011786062503,-0.23955654106306645,-0.2107431729351733,0.30232443191208513
Mexico,MEX,36.03,37.73,34.4,72.01,77.91,65.17,11405.7940473759,10.9,16082,12.2,10.9,9.341876755037235,False,America,Americas,-0.4845246541571939,1.3074530375391118,-0.06595078954661708,0.3772467515440417
Mongolia,MNG,24.11,27.02,21.29,72.53999999999999,80.8,62.97,4993.51487463495,7.6,216,6.4,7.6,8.515895324478182,False,Asia,Asia,-0.7871537787669944,0.20981290795947094,-0.025347634416493868,-0.20011364780516322
Republic of Moldova,MDA,22.97,25.54,20.57,89.23,93.09,84.31,5744.29618434435,27.5,1868,46.6,27.5,8.655962673525478,False,Europe,Europe,1.037791548425439,0.1048372579828945,1.2532687035491168,-0.10220667606247393
Montenegro,MNE,18.0,23.5,12.89,77.25,91.9,56.53,10024.5435616209,21.3,260,41.4,21.3,9.21279172112537,False,Europe,Europe,0.4692156173403592,-0.3528197423535831,0.335484178154988,0.2870164098293175
Morocco,MAR,21.78,25.09,18.73,75.49,84.74,64.83,3463.1376953125,12.3,5306,14.1,12.3,8.149930305469434,False,Africa,Africa,-0.3561365406863694,-0.004742587168092915,0.20065105923231094,-0.4559229211198414
Mozambique,MOZ,10.26,12.97,7.93,90.32,97.27,77.95,578.251663751351,3.9,651,2.0,3.9,6.360009178325483,False,Africa,Africa,-1.1264652215113162,-1.0655491553524439,1.3367733056091828,-1.7070764441136312
Oman,OMN,31.1,35.16,27.36,59.12,70.0,47.14,23223.5829405935,11.1,431,8.1,11.1,10.052923547422028,True,Asia,Middle East,-0.46618349508993334,0.8534793933421632,-1.053450166201903,0.8742679251670288
Namibia,NAM,16.97,21.31,13.09,74.62,90.05,54.92,4349.79908493314,8.7,146,5.5,8.7,8.377884935644369,False,Africa,Africa,-0.686277403897061,-0.4476661629464549,0.1340005970375795,-0.2965828059041506
Nepal,NPL,6.99,8.24,5.86,91.77,95.14,87.32,1385.91066274851,4.4,1198,4.0,4.4,7.234112720781007,False,Asia,Asia,-1.0806123238431646,-1.3666635197589392,1.44785740926707,-1.0960787247059498
The Netherlands,NLD,14.54,17.95,11.45,90.59,93.1,87.63,59123.318556487,42.8,17670,102.7,42.8,10.987380686598927,False,Europe,Europe,2.4408902170708773,-0.6714300484228414,1.3574579318075488,1.5274527633355148
Vanuatu,VUT,21.28,26.55,16.46,92.48,97.41,84.03999999999999,3370.21191956953,6.8,13,4.0,6.8,8.122730905514544,False,Oceania,Oceania,-0.8605184150360369,-0.050784538912205364,1.5022503151961049,-0.4749352812516971
New Zealand,NZL,33.62,35.61,31.68,81.32,85.77,76.39,49099.7090423358,39.0,4070,83.1,39.0,10.801608387947047,False,Oceania,Oceania,2.0924081947929256,1.0855308301324895,0.6472857656636772,1.397598066160212
Nicaragua,NIC,33.63,40.31,27.27,61.25,81.96000000000001,37.89,2322.89053964583,9.8,610,9.0,9.8,7.750567611404438,False,America,Americas,-0.5854010290271274,1.0864516691673722,-0.8902714484147997,-0.7350771442050723
Niger,NER,5.97,7.22,4.9,83.8,89.6,76.69,609.745147574878,5.9,764,2.9,5.9,6.413041079007583,False,Africa,Africa,-0.9430536308387099,-1.4605891013169288,0.8372778877819946,-1.6700071853830312
Nigeria,NGA,12.36,14.47,10.43,81.95,94.02,63.13,2899.16047470324,7.5,8114,3.7,7.5,7.972176482582176,False,Africa,Africa,-0.7963243583006248,-0.8721729580271715,0.6955498934598633,-0.5801727097604562
Norway,NOR,19.15,22.74,15.87,64.88,79.98,47.46,109269.520580298,45.3,5617,101.9,45.3,11.60157277507734,False,Europe,Europe,2.6701547054116355,-0.24692325334212462,-0.6121781406367794,1.9567725717009474
Pakistan,PAK,23.01,25.69,20.45,54.35,68.44,39.97,1538.3228133171,5.4,9447,4.1,5.4,7.338448019665027,False,Asia,Asia,-0.9889065285068614,0.10852061412242374,-1.4188785623730205,-1.023148429179664
Panama,PAN,36.07,39.63,32.74,42.36,53.41,32.010000000000005,17378.6070017557,15.1,820,18.4,15.1,9.762995246111021,False,America,Americas,-0.09936031374472061,1.3111363936786407,-2.337429185033755,0.6716082603919243
Papua New Guinea,PNG,20.52,26.78,15.15,87.53,96.16,73.84,3102.28968594061,11.7,646,7.0,11.7,8.039895726204255,False,Oceania,Oceania,-0.4111600178881515,-0.12076830556325642,1.1230321682260767,-0.5328370093503313
Paraguay,PRY,32.96,38.99,27.1,64.03999999999999,82.56,42.72,6205.62595379319,21.0,1494,20.5,21.0,8.733211571486015,False,America,Americas,0.4417038787394682,1.0247554538302615,-0.6765303110316936,-0.048209754429993104
Peru,PER,27.29,28.71,25.9,65.53,77.03,53.75,7350.63034300417,11.4,4943,14.7,11.4,8.90254134948257,False,America,Americas,-0.43867175648904233,0.502639721052026,-0.5623818183073814,0.07015163316153313
Philippines,PHL,8.74,10.77,6.9,54.54,66.47,42.99,3548.06930572116,20.8,20736,18.4,20.8,8.17415887698197,False,Asia,Asia,0.4233627196722076,-1.2055166886545456,-1.4043227143075045,-0.43898716783702185
Poland,POL,27.5,30.67,24.35,63.03,71.12,54.6,18891.2121169279,30.9,26888,71.3,30.9,9.84645212555858,False,Europe,Europe,1.3495912525688696,0.5219773407845534,-0.7539061349589107,0.7299445564193877
Portugal,PRT,21.79,25.57,18.18,48.35,57.42,39.5,24620.5197587181,37.8,10575,104.3,37.8,10.11133551075517,False,Europe,Europe,1.9823612403893613,-0.0038217481332108493,-1.8785369223366908,0.9150978436483295
Guinea-Bissau,GNB,11.47,16.08,7.8,82.36,94.43,63.93,883.199131457831,3.9,44,2.1,3.9,6.783550692118624,False,Africa,Africa,-1.1264652215113162,-0.9541276321316916,0.7269598813907139,-1.4110212442054884
Timor-Leste,TLS,2.35,3.24,1.66,73.07,86.23,56.84,2343.24954740187,8.8,80,5.8,8.8,7.7592939404768355,False,Asia,Asia,-0.6771068243634306,-1.7939328319443026,0.015255520713630438,-0.7289774467401042
Puerto Rico,PRI,41.13,48.05,34.46,58.45,79.93,35.72,35353.6821570014,27.8,1843,65.1,27.8,10.473157828757328,False,America,Americas,1.06530328702633,1.777080945329059,-1.1047786830645123,1.1680113720720722
Qatar,QAT,43.14,49.83,36.56,46.52,65.21000000000001,28.099999999999994,88701.4689763536,9.3,182,6.1,9.3,11.393031729337014,True,Asia,Middle East,-0.631253926695279,1.9621695913403907,-2.0187327221256104,1.8110025374184069
Romania,ROU,34.04,37.97,30.18,63.24,71.37,54.41,15503.551804598,32.2,13541,71.2,32.2,9.64882442534053,False,Europe,Europe,1.4688087865060642,1.1242060695975442,-0.7378180923601821,0.5918029424570382
Russian Federation,RUS,24.19,27.56,21.06,81.89,92.66,65.75,15619.6142578125,29.4,83693,57.4,29.4,9.65628272768621,False,Europe,Europe,1.2120325595644148,0.2171796202385291,0.6909533098602264,0.5970162901927794
Rwanda,RWA,4.92,5.83,4.13,91.03,94.41,86.66,975.469323735369,4.2,353,2.6,4.2,6.8829187128597065,False,Africa,Africa,-1.0989534829104253,-1.5572771999795645,1.3911662115382177,-1.3415630723688883
Saint Lucia,LCA,33.47,36.82,30.26,79.05,86.27,70.86,13103.8243147472,12.3,34,18.4,12.3,9.480659399008715,False,America,Americas,-0.3561365406863694,1.071718244609256,0.4733816861440889,0.4742557154040147
Sao Tome and Principe,STP,16.46,19.07,13.98,81.85,88.71000000000001,73.66,2389.73729784737,6.3,8,3.5,6.3,7.778938721665543,False,Africa,Africa,-0.9063713127041885,-0.4946289537254494,0.6878889207938015,-0.7152457594495523
Saudi Arabia,SAU,40.6,45.76,35.7,48.46,59.1,38.17,38510.2276211037,11.7,3750,10.5,11.7,10.5586791374927,True,Asia,Middle East,-0.4111600178881515,1.7282764764802996,-1.8701098524040236,1.227790702620582
Senegal,SEN,10.21,12.59,8.01,83.36,91.17,73.18,1574.0281059306,6.2,609,3.5,6.2,7.361393285190607,False,Africa,Africa,-0.915541892237819,-1.070153350526855,0.8035696080513256,-1.0071097058174983
Serbia,SRB,22.51,26.29,18.75,55.15,76.4,34.3,10024.8191112596,30.2,5489,63.4,30.2,9.212819208247351,False,Europe,Europe,1.2853971958334574,0.062478662378311296,-1.3575907810445313,0.28703562330692955
Sierra Leone,SLE,7.13,8.73,5.75,87.03999999999999,95.07,74.96000000000001,860.371067916096,0.24,12,0.14,0.24,6.757363770510318,False,Africa,Africa,-1.4621084324421858,-1.3537717732705878,1.085493402162376,-1.4293258827338202
Singapore,SGP,13.88,16.88,11.32,76.83,82.84,70.11,90299.0694637269,34.0,4007,67.4,34.0,11.410882434409864,False,Asia,Asia,1.6338792181114097,-0.7322054247250697,0.3033080929575309,1.8234801668519758
Slovakia,SVK,26.82,31.59,22.26,76.7,83.46000000000001,69.52,21317.7943982363,35.7,4219,77.3,35.7,9.967297420687904,False,Europe,Europe,1.7897790701831253,0.4593602864125605,0.2933488284916518,0.8144153269161478
Viet Nam,VNM,2.02,2.6,1.53,69.68,77.0,61.9,4147.69777213621,13.9,16835,17.0,13.9,8.330308705589859,False,Asia,Asia,-0.20940726814828436,-1.824320520095417,-0.24445145266584228,-0.3298385549652521
Slovenia,SVN,19.44,21.6,17.36,81.03,86.75,74.6,28360.3041467268,30.5,1580,76.0,30.5,10.252745705085271,False,Europe,Europe,1.3129089344343485,-0.22021892133053916,0.6250689449321004,1.0139434632347357
Somalia,SOM,14.61,19.61,10.27,81.9,94.04,63.69,573.141165798229,9.2,755,4.5,9.2,6.35113204902206,False,Africa,Africa,-0.6404245062289095,-0.6649841751786656,0.691719407126833,-1.713281550826781
South Africa,ZAF,30.82,33.62,28.17,55.2,68.19,41.34,6534.24867783397,13.5,7338,12.1,13.5,8.784812650486982,False,Africa,Africa,-0.24608958628280567,0.82769590036546,-1.3537602947115004,-0.012140638979438971
Zimbabwe,ZWE,14.21,17.22,11.46,82.3,94.01,63.9,2536.40050223076,9.7,773,5.0,9.7,7.8385012298351455,False,Africa,Africa,-0.5945716085607579,-0.7018177365739554,0.722363297791077,-0.6736116109920421
Spain,ESP,15.67,18.31,13.12,78.15,83.71000000000001,72.26,30319.4987196616,33.8,39421,84.4,33.8,10.319546306626945,False,Europe,Europe,1.6155380590441486,-0.5673752374811472,0.40443293214953896,1.0606370335208906
Sudan,SDN,17.01,20.04,14.13,80.89,88.92,70.73,1046.24084472656,5.5,1704,3.7,5.5,6.95295887120536,False,Africa,Africa,-0.9797359489732311,-0.44398280680692565,0.6143435831996147,-1.2926050543108334
Suriname,SUR,29.02,35.46,23.18,51.14,66.22,35.19,6084.43876736445,18.7,125,20.9,18.7,8.71348976901752,False,America,Americas,0.23078054946597082,0.6619448740866551,-1.6647957849535842,-0.06199527953724517
Eswatini,SWZ,30.09,34.56,25.88,80.78,89.91,69.27,3894.1620089869,4.9,37,3.1,4.9,8.267233789839906,False,Africa,Africa,-1.034759426175013,0.7604746508190559,0.6059165132669475,-0.3739278736823349
Sweden,SWE,15.27,18.62,12.33,91.3,94.38,87.33,54836.8907235124,31.2,7699,75.3,31.2,10.91211843483171,False,Europe,Europe,1.3771029911697605,-0.6042087988764371,1.4118508377365826,1.4748445058994728
Switzerland,CHE,12.11,14.19,10.21,80.97,89.44,70.11,94394.5106803525,26.3,5423,61.8,26.3,11.455238200870303,False,Europe,Europe,0.9277445940218751,-0.8951939338992277,0.6204723613324635,1.854484814280558
Syrian Arab Republic,SYR,33.94,40.76,27.32,62.16,82.51,39.37,1051.67149587463,10.9,1626,8.4,10.9,6.95813607825352,True,Asia,Middle East,-0.4845246541571939,1.1149976792487215,-0.8205565971536433,-1.2889861904741295
Tajikistan,TJK,23.79,27.39,20.53,64.25999999999999,76.0,51.59,1052.17949484894,5.6,365,3.7,5.6,6.958619001223276,False,Asia,Asia,-0.9705653694396008,0.18034605884323893,-0.659676171166359,-1.28864862768112
Thailand,THA,15.38,17.51,13.43,71.13,76.45,65.34,6909.35281815827,15.9,20173,28.8,15.9,8.84063125364294,False,Asia,Asia,-0.025995677475678,-0.5940795694927322,-0.13336734900795613,0.02687652268656331
Togo,TGO,11.56,13.24,9.96,85.22,90.2,79.48,951.232378690387,7.5,354,4.1,7.5,6.857758384631531,False,Africa,Africa,-0.7963243583006248,-0.9458400808177514,0.9460636996400634,-1.359150122895853
Trinidad and Tobago,TTO,28.05,32.82,23.38,55.49,72.19,37.96,20750.5202434652,18.5,418,29.7,18.5,9.940326597318775,False,America,Americas,0.21243939039871024,0.5726234877030771,-1.331543473979923,0.7955627416459947
United Arab Emirates,ARE,32.08,36.27,28.04,33.86,45.4,23.19,50759.7589231191,11.5,550,5.5,11.5,10.83485917246951,True,Asia,Middle East,-0.429501176955412,0.9437216187606232,-2.988611861648955,1.4208403395580176
Tunisia,TUN,26.83,32.56,21.55,66.64,84.13,45.36,3707.29283414381,11.9,1839,15.3,11.9,8.218057194944155,False,Africa,Africa,-0.39281885882089074,0.46028112544744254,-0.4773450217141024,-0.40830227656500984
Türkiye,TUR,33.3,36.2,30.52,55.61,67.65,43.34,10897.8397861365,19.8,21718,25.4,19.8,9.29631986381792,True,Asia,Middle East,0.33165692433590443,1.0560639810162575,-1.32235030678065,0.345402518811486
Turkmenistan,TKM,21.4,24.32,18.69,87.91,93.24,80.91,5837.84224538947,5.9,323,5.2,5.9,8.672116529019062,False,Asia,Asia,-0.9430536308387099,-0.03973447049361861,1.1521438643571087,-0.09091514320986159
Uganda,UGA,7.9,9.11,6.83,94.45,96.63,91.65,963.067314117178,7.3,1394,2.9,7.3,6.8701233097884105,False,Africa,Africa,-0.8146655173678853,-1.2828671675846546,1.6531714767175099,-1.3505070495017364
Ukraine,UKR,23.63,26.67,20.67,87.24,92.6,80.47,4199.6708984375,24.2,20887,48.4,24.2,8.342761443686468,False,Europe,Europe,0.7351624238156383,0.16561263428512293,1.1008153474944988,-0.32113410039224416
North Macedonia,MKD,27.54,35.98,19.95,73.9,87.14,58.0,7606.2375253797,23.5,900,43.2,23.5,8.936723916685809,False,Europe,Europe,0.6709683670802261,0.5256606969240822,0.07884159384193913,0.09404522195309353
Egypt,EGY,44.27,47.8,40.92,66.2,76.39,54.73,4233.30783744856,6.4,5940,5.6,6.4,8.35073896111049,True,Africa,Middle East,-0.8972007331705583,2.066224402282085,-0.5110533014447715,-0.31555782170686103
United Kingdom,GBR,26.82,28.8,24.88,81.02,85.57,75.53999999999999,47057.043229179,30.9,49429,72.2,30.9,10.759115830498278,False,Europe,Europe,1.3495912525688696,0.4593602864125605,0.6243028476654939,1.367895800430842
"Tanzania, United Republic of",TZA,12.58,15.2,10.23,95.7,97.52,93.16,1207.52062988281,6.8,2185,3.5,6.8,7.096324470169861,False,Africa,Africa,-0.8605184150360369,-0.851914499259762,1.7489336350432747,-1.1923926083541994
United States of America,USA,41.99,44.75,39.29,66.25999999999999,73.43,58.21,76657.2488844403,27.0,160186,47.8,27.0,11.247099451053959,False,America,Americas,0.9919386507572873,1.8562731023289323,-0.5064567178451356,1.7089959845466103
Burkina Faso,BFA,6.75,7.86,5.69,83.06,88.65,76.73,827.330843486661,3.4,460,2.1,3.4,6.718204667607621,False,Africa,Africa,-1.1723181191794678,-1.3887636565961132,0.7805866900531423,-1.456698066240119
Uruguay,URY,33.34,38.56,28.26,66.16,81.27,48.66,20818.6146091144,31.0,2092,59.8,31.0,9.943602798606014,False,America,Americas,1.3587618321025001,1.059747337155787,-0.5141176905111964,0.7978528038841596
Uzbekistan,UZB,30.03,32.95,27.22,68.25,76.75,59.25,2578.66689394219,9.0,2779,8.1,9.0,7.855027836601853,False,Asia,Asia,-0.65876566529617,0.7549496166097625,-0.35400336179051756,-0.662059525279588
Venezuela,VEN,22.72,25.69,19.78,54.27,67.38,40.55,3155.04207099687,18.7,6384,21.8,18.7,8.05675710959223,False,America,Americas,0.23078054946597082,0.08181628211083827,-1.4250073405058694,-0.5210509150311505
Samoa,WSM,62.43,67.69,56.94,86.53,93.9,76.45,4132.44717734444,25.3,42,20.8,25.3,8.326625047361686,False,Oceania,Oceania,0.836038798685572,3.738468089628249,1.0464224415654648,-0.3324134292989819
Zambia,ZMB,11.08,13.31,9.0,85.91,92.15,78.07,1447.12310138035,5.1,455,2.3,5.1,7.277332796530802,False,Africa,Africa,-1.0164182671077524,-0.9900403544920994,0.9989244110358853,-1.065867924230793
